index,instruction
0,"Decide whether Speaker 2 answer to Speaker 1 should be interpreted as yes or no, and print Y for yes or N for no."
1,Print Y for yes or N for no after judging if Speaker 2 reply to Speaker 1 counts as an affirmation or a denial.
2,Determine if Speaker 2 response to Speaker 1 implies agreement or disagreement; output Y for yes and N for no.
3,Assess Speaker 2 answer in relation to Speaker 1 and choose Y for yes or N for no.
4,"Using Y for yes and N for no, classify whether Speaker 2 reply to Speaker 1 is affirmative or negative."
5,"Judge whether Speaker 2 answer to Speaker 1 amounts to a yes or a no, then print Y or N accordingly."
6,Infer the yes/no meaning of Speaker 2 response to Speaker 1 and output Y for yes or N for no.
7,Print Y for yes or N for no based on whether Speaker 2 reply answers Speaker 1 affirmatively.
8,"Decide if Speaker 2 answer to Speaker 1 should be treated as yes or no, marking Y or N."
9,Evaluate the interaction and label Speaker 2 response to Speaker 1 as Y for yes or N for no.
10,Determine the polarity of Speaker 2 reply to Speaker 1 and output Y for yes or N for no.
11,Classify Speaker 2 answer to Speaker 1 as a yes or a no using Y and N.
12,Print Y for yes or N for no after analyzing whether Speaker 2 reply affirms Speaker 1.
13,"Assess whether Speaker 2 response to Speaker 1 constitutes agreement, and output Y or N."
14,Decide between Y for yes and N for no by interpreting Speaker 2 answer to Speaker 1.
15,Judge if Speaker 2 reply to Speaker 1 is an acceptance or rejection; print Y or N.
16,"Using the exchange, determine if Speaker 2 said yes or no to Speaker 1, then output Y or N."
17,Print Y for yes or N for no according to whether Speaker 2 answer confirms Speaker 1.
18,"Infer from context whether Speaker 2 response to Speaker 1 is yes or no, and mark Y or N."
19,Determine if Speaker 2 reply signals assent to Speaker 1; use Y for yes or N for no.
20,Classify the response from Speaker 2 to Speaker 1 as affirmative or negative with Y or N.
21,Print Y for yes or N for no after deciding how Speaker 2 answered Speaker 1.
22,Assess the meaning of Speaker 2 reply to Speaker 1 and choose Y or N.
23,"Decide if Speaker 2 answer to Speaker 1 counts as yes or no, indicating Y or N."
24,Use Y for yes and N for no to label Speaker 2 response to Speaker 1.
25,Judge whether Speaker 2 reply addresses Speaker 1 with affirmation or denial; output Y or N.
26,Determine the yes/no status of Speaker 2 answer to Speaker 1 and print Y or N.
27,Print Y for yes or N for no based on how Speaker 2 responds to Speaker 1.
28,Assess if Speaker 2 response agrees with Speaker 1 and mark Y or N.
29,Decide whether Speaker 2 reply to Speaker 1 should be interpreted as a yes or a no.
30,Classify Speaker 2 answer to Speaker 1 by printing Y for yes or N for no.
31,Infer whether Speaker 2 response to Speaker 1 is affirmative and output Y or N.
32,Print Y or N after judging if Speaker 2 said yes or no to Speaker 1.
33,Evaluate the reply and indicate with Y or N whether Speaker 2 affirms Speaker 1.
34,"Determine if Speaker 2 answer rejects or accepts Speaker 1, using Y or N."
35,"Using Y and N, mark whether Speaker 2 reply to Speaker 1 is yes or no."
36,Decide how Speaker 2 answered Speaker 1 and output Y for yes or N for no.
37,Assess the exchange and print Y or N to show Speaker 2 stance toward Speaker 1.
38,Judge the implication of Speaker 2 response to Speaker 1 and choose Y or N.
39,Classify whether Speaker 2 answer constitutes agreement with Speaker 1 by using Y or N.
40,Print Y for yes or N for no after interpreting Speaker 2 reply to Speaker 1.
41,"Determine if Speaker 2 response to Speaker 1 amounts to a yes, marking Y or N."
42,Assess whether Speaker 2 answered Speaker 1 negatively or positively and output Y or N.
43,Infer the intended yes/no meaning of Speaker 2 reply to Speaker 1.
44,Print Y or N depending on whether Speaker 2 affirms Speaker 1 in their response.
45,"Judge if Speaker 2 answer to Speaker 1 is a denial or affirmation, then mark Y or N."
46,Use Y for yes or N for no to encode Speaker 2 response to Speaker 1.
47,Determine how Speaker 2 responded to Speaker 1 and output Y or N accordingly.
48,Assess if Speaker 2 reply expresses agreement with Speaker 1 and choose Y or N.
49,Print Y or N to indicate whether Speaker 2 said yes or no to Speaker 1.
50,Classify Speaker 2 answer to Speaker 1 as yes or no using Y and N.
51,"Decide whether Speaker 2 response confirms Speaker 1, and output Y or N."
52,Judge the reply from Speaker 2 to Speaker 1 and mark Y or N.
53,Determine if Speaker 2 answer should be counted as yes or no relative to Speaker 1.
54,Print Y or N after evaluating Speaker 2 reply in response to Speaker 1.
55,Assess the yes/no implication of Speaker 2 response to Speaker 1.
56,"Using Y or N, indicate whether Speaker 2 affirms or denies Speaker 1."
57,"Judge whether Speaker 2 answer to Speaker 1 signals agreement, then print Y or N."
58,Decide the correct label for Speaker 2 reply to Speaker 1: Y or N.
59,Print Y or N based on whether Speaker 2 response aligns with Speaker 1.
60,Classify the nature of Speaker 2 answer to Speaker 1 as yes or no.
61,Determine if Speaker 2 reply supports Speaker 1 and mark Y or N.
62,Assess the response and choose Y or N to reflect Speaker 2 position toward Speaker 1.
63,Print Y or N after interpreting Speaker 2 answer to Speaker 1.
64,"Judge if Speaker 2 answer represents acceptance of Speaker 1, using Y or N."
65,Determine whether Speaker 2 response should be read as yes or no to Speaker 1.
66,"Using Y and N, label Speaker 2 reply in relation to Speaker 1."
67,Assess if Speaker 2 reply contradicts or agrees with Speaker 1 and output Y or N.
68,Print Y or N to classify Speaker 2 answer to Speaker 1.
69,Decide how Speaker 2 responded to Speaker 1 in Y or N terms.
70,Judge the polarity of Speaker 2 response to Speaker 1 and mark Y or N.
71,Determine if Speaker 2 answer counts as an affirmative reply to Speaker 1.
72,Print Y or N based on the inferred stance of Speaker 2 toward Speaker 1.
73,Assess the reply and indicate whether Speaker 2 says yes or no to Speaker 1.
74,Use Y or N to encode whether Speaker 2 affirms Speaker 1 in their answer.
75,Judge whether Speaker 2 response to Speaker 1 is positive or negative.
76,Determine if Speaker 2 reply should be classified as yes or no relative to Speaker 1.
77,Print Y or N after deciding how Speaker 2 answered Speaker 1.
78,Assess Speaker 2 answer and mark agreement with Speaker 1 using Y or N.
79,Decide whether Speaker 2 reply amounts to a yes or a no.
80,Classify Speaker 2 response to Speaker 1 by printing Y or N.
81,Judge if Speaker 2 answer affirms Speaker 1 and indicate Y or N.
82,Determine whether Speaker 2 response constitutes denial of Speaker 1.
83,Print Y or N to show how Speaker 2 answered Speaker 1.
84,"Answer Y for yes and N for no: What did Speaker 2 mean?"
85,Use Y for yes or N for no to label Speaker 2 reply to Speaker 1.
86,Judge the implication of Speaker 2 answer in response to Speaker 1.
87,Determine if Speaker 2 response agrees with Speaker 1 and output Y or N.
88,Print Y or N after evaluating the yes/no meaning of Speaker 2 reply.
89,"Answer Y for yes and N for no: Did Speaker 2 agree with Speaker 1?"
90,Decide between Y and N based on Speaker 2 response to Speaker 1.
91,Classify Speaker 2 reply as affirmative or negative relative to Speaker 1.
92,Judge whether Speaker 2 response counts as a yes to Speaker 1.
93,Print Y or N to represent Speaker 2 stance toward Speaker 1.
94,Assess the reply and determine if Speaker 2 said no or yes.
95,Use Y or N to indicate how Speaker 2 answered Speaker 1.
96,Judge the yes/no status of Speaker 2 response to Speaker 1.
97,Determine if Speaker 2 answer expresses agreement with Speaker 1.
98,Print Y or N after interpreting Speaker 2 reply to Speaker 1.
99,Classify the response of Speaker 2 toward Speaker 1 as yes or no.
100,Decide if Speaker 2 reply should be counted as an affirmative answer.
101,Assess Speaker 2 answer to Speaker 1 and mark Y or N.
102,Judge whether Speaker 2 response is aligned with Speaker 1.
103,Print Y or N based on how Speaker 2 addresses Speaker 1.
104,Determine if Speaker 2 reply constitutes agreement or disagreement.
105,Use Y or N to encode the meaning of Speaker 2 answer to Speaker 1.
106,Assess the yes/no implication of Speaker 2 response.
107,Judge if Speaker 2 answer affirms Speaker 1 position.
108,Print Y or N to classify Speaker 2 reply to Speaker 1.
109,Determine whether Speaker 2 response is a yes or no answer.
110,Assess if Speaker 2 answer accepts what Speaker 1 put forward.
111,Use Y or N to label Speaker 2 stance toward Speaker 1.
112,Judge the reply and decide if Speaker 2 says yes or no.
113,Print Y or N after determining the meaning of Speaker 2 answer.
114,Classify Speaker 2's response relative to Speaker 1 as affirmative or negative.
115,Determine if Speaker 2's reply constitutes a yes to Speaker 1.
116,Assess the exchange and mark Y or N accordingly.
117,Judge whether Speaker 2 answer should be read as agreement.
118,Print Y or N based on Speaker 2's reply to Speaker 1.
119,Decide the appropriate label for Speaker 2 answer: Y or N.
120,Assess whether Speaker 2's response supports or opposes Speaker 1.
121,Use Y or N to show the yes/no nature of Speaker 2 reply.
122,Judge if Speaker 2 answer aligns with Speaker 1 intent.
123,Print Y or N after analyzing Speaker 2 response to Speaker 1.
124,Determine if Speaker 2 reply is affirmative in relation to Speaker 1.
125,Assess the answer and decide if it is yes or no.
126,Use Y or N to encode Speaker 2 reply to Speaker 1.
127,Judge the polarity of Speaker 2 answer in response to Speaker 1.
128,Print Y or N to represent Speaker 2 agreement or disagreement.
129,Determine whether Speaker 2 response should be counted as yes.
130,Assess Speaker 2 answer and choose Y or N accordingly.
131,Judge if Speaker 2 reply negates what Speaker 1 said.
132,Print Y or N based on the inferred meaning of Speaker 2 response.
133,Determine if Speaker 2 answer constitutes a denial of Speaker 1.
134,Assess the reply and mark Y or N to indicate yes or no.
135,Use Y or N to classify Speaker 2 response toward Speaker 1.
136,Judge whether Speaker 2 reply is positive or negative.
137,Print Y or N after deciding how Speaker 2 answered Speaker 1.
138,Determine if Speaker 2 response amounts to agreement.
139,Assess the answer and indicate yes or no with Y or N.
140,Judge if Speaker 2 reply affirms Speaker 1 statement.
141,Use Y or N to label the outcome of Speaker 2 response.
142,Print Y or N to show whether Speaker 2 said yes to Speaker 1.
143,Determine if Speaker 2 answer should be interpreted as no.
144,Assess the reply and choose the correct Y or N label.
145,Judge the yes/no meaning of Speaker 2 response to Speaker 1.
146,Print Y or N after evaluating Speaker 2 stance.
147,Determine whether Speaker 2 reply counts as an affirmative answer.
148,Assess if Speaker 2 answer contradicts Speaker 1.
149,Use Y or N to encode the decision about Speaker 2 reply.
150,Judge whether Speaker 2 response implies agreement with Speaker 1.
151,Print Y or N to classify the reply as yes or no.
152,Determine if Speaker 2 answer should be counted as no.
153,Assess the exchange and label Speaker 2 reply with Y or N.
154,Judge if Speaker 2 response supports Speaker 1 claim.
155,Use Y or N to indicate affirmation or denial by Speaker 2.
156,Print Y or N after determining the response meaning.
157,Determine if Speaker 2 answer aligns with Speaker 1 position.
158,Assess the reply and mark yes or no using Y or N.
159,"What did Speaker 2 mean by this? Print Y for yes and N for no."
160,Print Y or N to reflect Speaker 2 agreement or disagreement.
161,Determine whether Speaker 2 reply constitutes a yes.
162,Assess if Speaker 2 answer represents rejection of Speaker 1.
163,Use Y or N to label Speaker 2 response.
164,"Did Speaker 2 agree with Speaker 1? Print Y for yes and N for no."
165,Print Y or N based on analysis of Speaker 2 answer.
166,Determine if Speaker 2 response affirms what Speaker 1 said.
167,Assess the reply and indicate Y or N.
168,Judge the yes/no classification of Speaker 2 answer.
169,Use Y or N to encode Speaker 2 stance toward Speaker 1.
170,Print Y or N after deciding how Speaker 2 responded.
171,Determine if Speaker 2 reply counts as an agreement.
172,Assess the response and mark Y or N accordingly.
173,Judge whether Speaker 2 answer is affirmative relative to Speaker 1.
174,"Does Speaker 2's answer imply a yes or a no? Print Y for yes and N for no."
175,Print Y or N to classify Speaker 2 reply.
176,Determine if Speaker 2 response amounts to a denial.
177,"Does Speaker 2's answer to Speaker 1 imply a yes or a no? Print Y for yes and N for no."
178,Judge if Speaker 2 reply expresses agreement with Speaker 1.
179,Print Y or N after interpreting the response.
180,Determine whether Speaker 2 answer is a yes to Speaker 1.
181,Assess the reply and mark Y or N to indicate meaning.
182,"Answer Y for yes and N for no: Was Speaker 2 affirming or denying what Speaker 1 said?"
183,Use Y or N to encode whether Speaker 2 said yes or no.
184,"Did Speaker 2 affirm or deny what Speaker 1 said? Print Y for yes and N for no."
185,Determine if Speaker 2 response should be labeled affirmative.
186,Assess whether Speaker 2 reply rejects Speaker 1.
187,"Regarding the implication, predict whether Speaker 2's answer to Speaker 1 counts as a yes or as a no. Print Y for yes and N for no."
188,Use Y or N to classify the interaction outcome.
189,Print Y or N to show how Speaker 2 answered Speaker 1.
190,Determine if Speaker 2 answer implies acceptance.
191,Assess the response and mark it yes or no.
192,Judge whether Speaker 2 reply aligns with Speaker 1.
193,Use Y or N to encode the final decision.
194,"Predict whether Speaker 2's answer to Speaker 1 counts as a yes or as a no. Print Y for yes and N for no."
195,Determine if Speaker 2 answer constitutes a no.
196,Assess the reply and label Speaker 2 stance with Y or N.
197,Judge the yes/no implication of Speaker 2 response.
198,"Was Speaker 2 expressing affirmation or denial? Print Y for yes and N for no."
199,Print Y or N after deciding whether Speaker 2 answered yes or no.