query,basic_ans,adv_ans
331,odd,purple
230,even,purple
267,odd,purple
287,odd,purple
12,even,purple
185,odd,purple
129,odd,purple
9,odd,purple
290,even,purple
164,even,purple
83,odd,purple
309,odd,purple
358,even,purple
424,even,purple
79,odd,purple
494,even,purple
98,even,purple
113,odd,purple
391,odd,purple
178,even,purple
40,even,purple
2,even,purple
4,even,purple
200,even,purple
476,even,purple
144,even,purple
297,odd,purple
182,even,purple
480,even,purple
347,odd,purple
179,odd,purple
193,odd,purple
203,odd,purple
473,odd,purple
53,odd,purple
140,even,purple
107,odd,purple
109,odd,purple
209,odd,purple
429,odd,purple
249,odd,purple
460,even,purple
125,odd,purple
52,even,purple
166,even,purple
279,odd,purple
257,odd,purple
21,odd,purple
198,even,purple
73,odd,purple
111,odd,purple
75,odd,purple
470,even,purple
483,odd,purple
199,odd,purple
89,odd,purple
272,even,purple
260,even,purple
155,odd,purple
82,even,purple
8,even,purple
247,odd,purple
335,odd,purple
474,even,purple
310,even,purple
138,even,purple
92,even,purple
188,even,purple
127,odd,purple
6,even,purple
402,even,purple
115,odd,purple
291,odd,purple
452,even,purple
401,odd,purple
7,odd,purple
159,odd,purple
322,even,purple
330,even,purple
133,odd,purple
400,even,purple
226,even,purple
383,odd,purple
357,odd,purple
160,even,purple
86,even,purple
62,even,purple
266,even,purple
454,even,purple
359,odd,purple
42,even,purple
70,even,purple
177,odd,purple
38,even,purple
148,even,purple
457,odd,purple
222,even,purple
146,even,purple
277,odd,purple
240,even,purple
314,even,purple
61,odd,purple
224,even,purple
104,even,purple
399,odd,purple
414,even,purple
215,odd,purple
256,even,purple
228,even,purple
293,odd,purple
151,odd,purple
431,odd,purple
268,even,purple
217,odd,purple
165,odd,purple
393,odd,purple
463,odd,purple
26,even,purple
24,even,purple
99,odd,purple
336,even,purple
169,odd,purple
492,even,purple
63,odd,purple
338,even,purple
216,even,purple
176,even,purple
77,odd,purple
18,even,purple
450,even,purple
88,even,purple
157,odd,purple
17,odd,purple
329,odd,purple
499,odd,purple
466,even,purple
81,odd,purple
379,odd,purple
76,even,purple
112,even,purple
274,even,purple
481,odd,purple
16,even,purple
184,even,purple
334,even,purple
489,odd,purple
472,even,purple
325,odd,purple
95,odd,purple
344,even,purple
207,odd,purple
210,even,purple
405,odd,purple
93,odd,purple
288,even,purple
197,odd,purple
36,even,purple
333,odd,purple
27,odd,purple
43,odd,purple
445,odd,purple
375,odd,purple
32,even,purple
116,even,purple
29,odd,purple
321,odd,purple
134,even,purple
74,even,purple
461,odd,purple
355,odd,purple
416,even,purple
51,odd,purple
80,even,purple
437,odd,purple
136,even,purple
183,odd,purple
34,even,purple
464,even,purple
337,odd,purple
398,even,purple
221,odd,purple
469,odd,purple
41,odd,purple
434,even,purple
351,odd,purple
156,even,purple
68,even,purple
326,even,purple
438,even,purple
114,even,purple
242,even,purple
484,even,purple
468,even,purple
212,even,purple
31,odd,purple
205,odd,purple
167,odd,purple
320,even,purple
340,even,purple
150,even,purple